"","score","gdp_per_capita","social_support","healthy_life_expectancy","freedom_life_choices","generosity","perceptions_of_corruption"
"Switzerland",7.587,1.39651,1.34951,0.94143,0.66557,0.29678,0.41978
"Iceland",7.561,1.30232,1.40223,0.94784,0.62877,0.4363,0.14145
"Denmark",7.527,1.32548,1.36058,0.87464,0.64938,0.34139,0.48357
"Norway",7.522,1.459,1.33095,0.88521,0.66973,0.34699,0.36503
"Canada",7.427,1.32629,1.32261,0.90563,0.63297,0.45811,0.32957
"Finland",7.406,1.29025,1.31826,0.88911,0.64169,0.23351,0.41372
"Netherlands",7.378,1.32944,1.28017,0.89284,0.61576,0.4761,0.31814
"Sweden",7.364,1.33171,1.28907,0.91087,0.6598,0.36262,0.43844
"New Zealand",7.286,1.25018,1.31967,0.90837,0.63938,0.47501,0.42922
"Australia",7.284,1.33358,1.30923,0.93156,0.65124,0.43562,0.35637
"Israel",7.278,1.22857,1.22393,0.91387,0.41319,0.33172,0.07785
"Costa Rica",7.226,0.95578,1.23788,0.86027,0.63376,0.25497,0.10583
"Austria",7.2,1.33723,1.29704,0.89042,0.62433,0.33088,0.18676
"Mexico",7.187,1.02054,0.91451,0.81444,0.48181,0.14074,0.21312
"United States",7.119,1.39451,1.24711,0.86179,0.54604,0.40105,0.1589
"Brazil",6.983,0.98124,1.23287,0.69702,0.49049,0.14574,0.17521
"Luxembourg",6.946,1.56391,1.21963,0.91894,0.61583,0.28034,0.37798
"Ireland",6.94,1.33596,1.36948,0.89533,0.61777,0.45901,0.28703
"Belgium",6.937,1.30782,1.28566,0.89667,0.5845,0.2225,0.2254
"United Arab Emirates",6.901,1.42727,1.12575,0.80925,0.64157,0.26428,0.38583
"United Kingdom",6.867,1.26637,1.28548,0.90943,0.59625,0.51912,0.32067
"Oman",6.853,1.36011,1.08182,0.76276,0.63274,0.21542,0.32524
"Venezuela",6.81,1.04424,1.25596,0.72052,0.42908,0.05841,0.11069
"Singapore",6.798,1.52186,1.02,1.02525,0.54252,0.31105,0.4921
"Panama",6.786,1.06353,1.1985,0.79661,0.5421,0.24434,0.0927
"Germany",6.75,1.32792,1.29937,0.89186,0.61477,0.28214,0.21843
"Chile",6.67,1.10715,1.12447,0.85857,0.44132,0.33363,0.12869
"Qatar",6.611,1.69042,1.0786,0.79733,0.6404,0.32573,0.52208
"France",6.575,1.27778,1.26038,0.94579,0.55011,0.12332,0.20646
"Argentina",6.574,1.05351,1.24823,0.78723,0.44974,0.11451,0.08484
"Czech Republic",6.505,1.17898,1.20643,0.84483,0.46364,0.10686,0.02652
"Uruguay",6.485,1.06166,1.2089,0.8116,0.60362,0.2324,0.24558
"Colombia",6.477,0.91861,1.24018,0.69077,0.53466,0.18401,0.0512
"Thailand",6.455,0.9669,1.26504,0.7385,0.55664,0.5763,0.03187
"Saudi Arabia",6.411,1.39541,1.08393,0.72025,0.31048,0.13706,0.32524
"Spain",6.329,1.23011,1.31379,0.95562,0.45951,0.18227,0.06398
"Malta",6.302,1.2074,1.30203,0.88721,0.60365,0.51752,0.13586
"Taiwan",6.298,1.29098,1.07617,0.8753,0.3974,0.25376,0.08129
"Kuwait",6.295,1.55422,1.16594,0.72492,0.55499,0.16228,0.25609
"Suriname",6.269,0.99534,0.972,0.6082,0.59657,0.16991,0.13633
"Trinidad and Tobago",6.168,1.21183,1.18354,0.61483,0.55884,0.31844,0.0114
"El Salvador",6.13,0.76454,1.02507,0.67737,0.4035,0.10692,0.11776
"Guatemala",6.123,0.74553,1.04356,0.64425,0.57733,0.27489,0.09472
"Uzbekistan",6.003,0.63244,1.34043,0.59772,0.65821,0.22837,0.30826
"Slovakia",5.995,1.16891,1.26999,0.78902,0.31751,0.16893,0.03431
"Japan",5.987,1.27074,1.25712,0.99111,0.49615,0.10705,0.1806
"South Korea",5.984,1.24461,0.95774,0.96538,0.33208,0.18557,0.07857
"Ecuador",5.975,0.86402,0.99903,0.79075,0.48574,0.11541,0.1809
"Bahrain",5.96,1.32376,1.21624,0.74716,0.45492,0.17362,0.306
"Italy",5.948,1.25114,1.19777,0.95446,0.26236,0.22823,0.02901
"Bolivia",5.89,0.68133,0.97841,0.5392,0.57414,0.20536,0.088
"Moldova",5.889,0.59448,1.01528,0.61826,0.32818,0.20951,0.01615
"Paraguay",5.878,0.75985,1.30477,0.66098,0.53899,0.3424,0.08242
"Kazakhstan",5.855,1.12254,1.12241,0.64368,0.51649,0.11827,0.08454
"Slovenia",5.848,1.18498,1.27385,0.87337,0.60855,0.25328,0.03787
"Lithuania",5.833,1.14723,1.25745,0.73128,0.21342,0.02641,0.01031
"Nicaragua",5.828,0.59325,1.14184,0.74314,0.55475,0.27815,0.19317
"Peru",5.824,0.90019,0.97459,0.73017,0.41496,0.14982,0.05989
"Belarus",5.813,1.03192,1.23289,0.73608,0.37938,0.11046,0.1909
"Poland",5.791,1.12555,1.27948,0.77903,0.53122,0.16759,0.04212
"Malaysia",5.77,1.12486,1.07023,0.72394,0.53024,0.33075,0.10501
"Croatia",5.759,1.08254,0.79624,0.78805,0.25883,0.05444,0.0243
"Libya",5.754,1.13145,1.11862,0.7038,0.41668,0.18295,0.11023
"Russia",5.716,1.13764,1.23617,0.66926,0.36679,0.00199,0.03005
"Jamaica",5.709,0.81038,1.15102,0.68741,0.50442,0.2123,0.02299
"North Cyprus",5.695,1.20806,1.07008,0.92356,0.49027,0.26169,0.1428
"Cyprus",5.689,1.20813,0.89318,0.92356,0.40672,0.30638,0.06146
"Algeria",5.605,0.93929,1.07772,0.61766,0.28579,0.07822,0.17383
"Kosovo",5.589,0.80148,0.81198,0.63132,0.24749,0.2831,0.04741
"Turkmenistan",5.548,0.95847,1.22668,0.53886,0.4761,0.16979,0.30844
"Mauritius",5.477,1.00761,0.98521,0.7095,0.56066,0.37744,0.07521
"Hong Kong",5.474,1.38604,1.05818,1.01328,0.59608,0.39478,0.37124
"Estonia",5.429,1.15174,1.22791,0.77361,0.44888,0.0868,0.15184
"Indonesia",5.399,0.82827,1.08708,0.63793,0.46611,0.51535,0
"Vietnam",5.36,0.63216,0.91226,0.74676,0.59444,0.1686,0.10441
"Turkey",5.332,1.06098,0.94632,0.73172,0.22815,0.12253,0.15746
"Kyrgyzstan",5.286,0.47428,1.15115,0.65088,0.43477,0.3003,0.04232
"Nigeria",5.268,0.65435,0.90432,0.16007,0.34334,0.27233,0.0403
"Bhutan",5.253,0.77042,1.10395,0.57407,0.53206,0.47998,0.15445
"Azerbaijan",5.212,1.02389,0.93793,0.64045,0.3703,0.07799,0.16065
"Pakistan",5.194,0.59543,0.41411,0.51466,0.12102,0.33671,0.10464
"Jordan",5.192,0.90198,1.05392,0.69639,0.40661,0.11053,0.14293
"Montenegro",5.192,0.97438,0.90557,0.72521,0.1826,0.1614,0.14296
"China",5.14,0.89012,0.94675,0.81658,0.51697,0.08185,0.02781
"Zambia",5.129,0.47038,0.91612,0.29924,0.48827,0.19591,0.12468
"Romania",5.124,1.04345,0.88588,0.7689,0.35068,0.13748,0.00649
"Serbia",5.123,0.92053,1.00964,0.74836,0.20107,0.19231,0.02617
"Portugal",5.102,1.15991,1.13935,0.87519,0.51469,0.13719,0.01078
"Latvia",5.098,1.11312,1.09562,0.72437,0.29671,0.18226,0.06332
"Philippines",5.073,0.70532,1.03516,0.58114,0.62545,0.24991,0.12279
"Somaliland region",5.057,0.18847,0.95152,0.43873,0.46582,0.50318,0.39928
"Morocco",5.013,0.73479,0.64095,0.60954,0.41691,0.07172,0.08546
"Macedonia",5.007,0.91851,1.00232,0.73545,0.33457,0.22359,0.05327
"Mozambique",4.971,0.08308,1.02626,0.09131,0.34037,0.22269,0.15603
"Albania",4.959,0.87867,0.80434,0.81325,0.35733,0.14272,0.06413
"Bosnia and Herzegovina",4.949,0.83223,0.91916,0.79081,0.09245,0.24808,0.00227
"Lesotho",4.898,0.37545,1.04103,0.07612,0.31767,0.16388,0.12504
"Dominican Republic",4.885,0.89537,1.17202,0.66825,0.57672,0.21684,0.14234
"Laos",4.876,0.59066,0.73803,0.54909,0.59591,0.42192,0.24249
"Mongolia",4.874,0.82819,1.3006,0.60268,0.43626,0.3323,0.02666
"Swaziland",4.867,0.71206,1.07284,0.07566,0.30658,0.18259,0.0306
"Greece",4.857,1.15406,0.92933,0.88213,0.07699,0,0.01397
"Lebanon",4.839,1.02564,0.80001,0.83947,0.33916,0.21854,0.04582
"Hungary",4.8,1.12094,1.20215,0.75905,0.32112,0.128,0.02758
"Honduras",4.788,0.59532,0.95348,0.6951,0.40148,0.23027,0.06825
"Tajikistan",4.786,0.39047,0.85563,0.57379,0.47216,0.22974,0.15072
"Tunisia",4.739,0.88113,0.60429,0.73793,0.26268,0.06431,0.06358
"Palestinian Territories",4.715,0.59867,0.92558,0.66015,0.24499,0.11251,0.12905
"Bangladesh",4.694,0.39753,0.43106,0.60164,0.4082,0.21222,0.12569
"Iran",4.686,1.0088,0.54447,0.69805,0.30033,0.38086,0.05863
"Ukraine",4.681,0.79907,1.20278,0.6739,0.25123,0.15275,0.02961
"Iraq",4.677,0.98549,0.81889,0.60237,0,0.17922,0.13788
"South Africa",4.642,0.92049,1.18468,0.27688,0.33207,0.11973,0.08884
"Ghana",4.633,0.54558,0.67954,0.40132,0.42342,0.23087,0.04355
"Zimbabwe",4.61,0.271,1.03276,0.33475,0.25861,0.18987,0.08079
"Liberia",4.571,0.0712,0.78968,0.34201,0.28531,0.24362,0.06232
"India",4.565,0.64499,0.38174,0.51529,0.39786,0.26475,0.08492
"Sudan",4.55,0.52107,1.01404,0.36878,0.10081,0.19062,0.1466
"Haiti",4.518,0.26673,0.74302,0.38847,0.24425,0.46187,0.17175
"Congo (Kinshasa)",4.517,0,1.0012,0.09806,0.22605,0.24834,0.07625
"Nepal",4.514,0.35997,0.86449,0.56874,0.38282,0.32296,0.05907
"Ethiopia",4.512,0.19073,0.60406,0.44055,0.4345,0.24325,0.15048
"Sierra Leone",4.507,0.33024,0.95571,0,0.4084,0.21488,0.08786
"Mauritania",4.436,0.45407,0.86908,0.35874,0.24232,0.219,0.17461
"Kenya",4.419,0.36471,0.99876,0.41435,0.42215,0.37542,0.05839
"Djibouti",4.369,0.44025,0.59207,0.36291,0.46074,0.18093,0.28105
"Armenia",4.35,0.76821,0.77711,0.7299,0.19847,0.07855,0.039
"Botswana",4.332,0.99355,1.10464,0.04776,0.49495,0.10461,0.12474
"Myanmar",4.307,0.27108,0.70905,0.48246,0.44017,0.79588,0.19034
"Georgia",4.297,0.7419,0.38562,0.72926,0.40577,0.05547,0.38331
"Malawi",4.292,0.01604,0.41134,0.22562,0.43054,0.33128,0.06977
"Sri Lanka",4.271,0.83524,1.01905,0.70806,0.53726,0.40828,0.09179
"Cameroon",4.252,0.4225,0.88767,0.23402,0.49309,0.20618,0.05786
"Bulgaria",4.218,1.01216,1.10614,0.76649,0.30587,0.11921,0.00872
"Egypt",4.194,0.8818,0.747,0.61712,0.17288,0.11291,0.06324
"Yemen",4.077,0.54649,0.68093,0.40064,0.35571,0.09131,0.07854
"Angola",4.033,0.75778,0.8604,0.16683,0.10384,0.12344,0.07122
"Mali",3.995,0.26074,1.03526,0.20583,0.38857,0.18798,0.12352
"Congo (Brazzaville)",3.989,0.67866,0.6629,0.31051,0.41466,0.12388,0.11686
"Comoros",3.956,0.23906,0.79273,0.36315,0.22917,0.17441,0.199
"Uganda",3.931,0.21102,1.13299,0.33861,0.45727,0.29066,0.07267
"Senegal",3.904,0.36498,0.97619,0.4354,0.36772,0.20843,0.10713
"Gabon",3.896,1.06024,0.90528,0.43372,0.31914,0.06822,0.11091
"Niger",3.845,0.0694,0.77265,0.29707,0.47692,0.19387,0.15639
"Cambodia",3.819,0.46038,0.62736,0.61114,0.66246,0.40359,0.07247
"Tanzania",3.781,0.2852,1.00268,0.38215,0.32878,0.34377,0.05747
"Madagascar",3.681,0.20824,0.66801,0.46721,0.19184,0.21333,0.08124
"Central African Republic",3.678,0.0785,0,0.06699,0.48879,0.23835,0.08289
"Chad",3.667,0.34193,0.76062,0.1501,0.23501,0.18386,0.05269
"Guinea",3.656,0.17417,0.46475,0.24009,0.37725,0.28657,0.12139
"Ivory Coast",3.655,0.46534,0.77115,0.15185,0.46866,0.20165,0.17922
"Burkina Faso",3.587,0.25812,0.85188,0.27125,0.39493,0.21747,0.12832
"Afghanistan",3.575,0.31982,0.30285,0.30335,0.23414,0.3651,0.09719
"Rwanda",3.465,0.22208,0.7737,0.42864,0.59201,0.22628,0.55191
"Benin",3.34,0.28665,0.35386,0.3191,0.4845,0.1826,0.0801
"Syria",3.006,0.6632,0.47489,0.72193,0.15684,0.47179,0.18906
"Burundi",2.905,0.0153,0.41587,0.22396,0.1185,0.19727,0.10062
"Togo",2.839,0.20868,0.13995,0.28443,0.36453,0.16681,0.10731
"Denmark1",7.526,1.44178,1.16374,0.79504,0.57941,0.44453,0.36171
"Switzerland1",7.509,1.52733,1.14524,0.86303,0.58557,0.41203,0.28083
"Iceland1",7.501,1.42666,1.18326,0.86733,0.56624,0.14975,0.47678
"Norway1",7.498,1.57744,1.1269,0.79579,0.59609,0.35776,0.37895
"Finland1",7.413,1.40598,1.13464,0.81091,0.57104,0.41004,0.25492
"Canada1",7.404,1.44015,1.0961,0.8276,0.5737,0.31329,0.44834
"Netherlands1",7.339,1.46468,1.02912,0.81231,0.55211,0.29927,0.47416
"New Zealand1",7.334,1.36066,1.17278,0.83096,0.58147,0.41904,0.49401
"Australia1",7.313,1.44443,1.10476,0.8512,0.56837,0.32331,0.47407
"Sweden1",7.291,1.45181,1.08764,0.83121,0.58218,0.40867,0.38254
"Israel1",7.267,1.33766,0.99537,0.84917,0.36432,0.08728,0.32288
"Austria1",7.119,1.45038,1.08383,0.80565,0.54355,0.21348,0.32865
"United States1",7.104,1.50796,1.04782,0.779,0.48163,0.14868,0.41077
"Costa Rica1",7.087,1.06879,1.02152,0.76146,0.55225,0.10547,0.22553
"Puerto Rico",7.039,1.35943,1.08113,0.77758,0.46823,0.12275,0.22202
"Germany1",6.994,1.44787,1.09774,0.81487,0.53466,0.28551,0.30452
"Brazil1",6.952,1.08754,1.03938,0.61415,0.40425,0.14166,0.15776
"Belgium1",6.929,1.42539,1.05249,0.81959,0.51354,0.26248,0.2424
"Ireland1",6.907,1.48341,1.16157,0.81455,0.54008,0.29754,0.44963
"Luxembourg1",6.871,1.69752,1.03999,0.84542,0.5487,0.35329,0.27571
"Mexico1",6.778,1.11508,0.7146,0.71143,0.37709,0.18355,0.11735
"Singapore1",6.739,1.64555,0.86758,0.94719,0.4877,0.46987,0.32706
"United Kingdom1",6.725,1.40283,1.08672,0.80991,0.50036,0.27399,0.50156
"Chile1",6.705,1.2167,0.90587,0.81883,0.37789,0.11451,0.31595
"Panama1",6.701,1.18306,0.98912,0.70835,0.48927,0.08423,0.2418
"Argentina1",6.65,1.15137,1.06612,0.69711,0.42284,0.07296,0.10989
"Czech Republic1",6.596,1.30915,1.00793,0.76376,0.41418,0.03986,0.09929
"United Arab Emirates1",6.573,1.57352,0.87114,0.72993,0.56215,0.35561,0.26591
"Uruguay1",6.545,1.18157,1.03143,0.72183,0.54388,0.21394,0.18056
"Malta1",6.488,1.30782,1.09879,0.80315,0.54994,0.17554,0.56237
"Colombia1",6.481,1.03032,1.02169,0.59659,0.44735,0.05399,0.15626
"France1",6.478,1.39488,1.00508,0.83795,0.46562,0.17808,0.1216
"Thailand1",6.474,1.0893,1.04477,0.64915,0.49553,0.02833,0.58696
"Saudi Arabia1",6.379,1.48953,0.84829,0.59267,0.37904,0.30008,0.15457
"Taiwan1",6.379,1.39729,0.92624,0.79565,0.32377,0.0663,0.25495
"Qatar1",6.375,1.82427,0.87964,0.71723,0.56679,0.48049,0.32388
"Spain1",6.361,1.34253,1.12945,0.87896,0.37545,0.06137,0.17665
"Algeria1",6.355,1.05266,0.83309,0.61804,0.21006,0.16157,0.07044
"Guatemala1",6.324,0.83454,0.87119,0.54039,0.50379,0.08701,0.28808
"Suriname1",6.269,1.09686,0.77866,0.50933,0.52234,0.12692,0.16665
"Kuwait1",6.239,1.61714,0.87758,0.63569,0.43166,0.23669,0.15965
"Bahrain1",6.218,1.44024,0.94397,0.65696,0.47375,0.25772,0.17147
"Trinidad and Tobago1",6.168,1.32572,0.98569,0.52608,0.48453,0.01241,0.31935
"Venezuela1",6.084,1.13367,1.03302,0.61904,0.19847,0.08304,0.0425
"Slovakia1",6.078,1.27973,1.08268,0.70367,0.23391,0.02947,0.13837
"El Salvador1",6.068,0.8737,0.80975,0.596,0.37269,0.10613,0.08877
"Malaysia1",6.005,1.25142,0.88025,0.62366,0.39031,0.09081,0.41474
"Nicaragua1",5.992,0.69384,0.89521,0.65213,0.46582,0.16292,0.29773
"Uzbekistan1",5.987,0.73591,1.1681,0.50163,0.60848,0.28333,0.34326
"Italy1",5.977,1.35495,1.04167,0.85102,0.18827,0.02556,0.16684
"Ecuador1",5.976,0.97306,0.85974,0.68613,0.4027,0.18037,0.10074
"Belize",5.956,0.87616,0.68655,0.45569,0.51231,0.10771,0.23684
"Japan1",5.921,1.38007,1.06054,0.91491,0.46761,0.18985,0.10224
"Kazakhstan1",5.919,1.22943,0.95544,0.57386,0.4052,0.11132,0.15011
"Moldova1",5.897,0.69177,0.83132,0.52309,0.25202,0.01903,0.19997
"Russia1",5.856,1.23228,1.05261,0.58991,0.32682,0.03586,0.02736
"Poland1",5.835,1.24585,1.04685,0.69058,0.4519,0.055,0.14443
"South Korea1",5.835,1.35948,0.72194,0.88645,0.25168,0.07716,0.18824
"Bolivia1",5.822,0.79422,0.83779,0.4697,0.50961,0.07746,0.21698
"Lithuania1",5.813,1.2692,1.06411,0.64674,0.18929,0.0182,0.02025
"Belarus1",5.802,1.13062,1.04993,0.63104,0.29091,0.17457,0.13942
"North Cyprus1",5.771,1.31141,0.81826,0.84142,0.43596,0.16578,0.26322
"Slovenia1",5.768,1.29947,1.05613,0.79151,0.53164,0.03635,0.25738
"Peru1",5.743,0.99602,0.81255,0.62994,0.37502,0.05292,0.14527
"Turkmenistan1",5.658,1.08017,1.03817,0.44006,0.37408,0.28467,0.22567
"Mauritius1",5.648,1.14372,0.75695,0.66189,0.46145,0.05203,0.36951
"Libya1",5.615,1.06688,0.95076,0.52304,0.40672,0.10339,0.17087
"Latvia1",5.56,1.21788,0.95025,0.63952,0.27996,0.0889,0.17445
"Cyprus1",5.546,1.31857,0.70697,0.8488,0.29507,0.05228,0.27906
"Paraguay1",5.538,0.89373,1.11111,0.58295,0.46235,0.07396,0.25296
"Romania1",5.528,1.1697,0.72803,0.67602,0.36712,0.00679,0.12889
"Estonia1",5.517,1.27964,1.05163,0.68098,0.41511,0.18519,0.08423
"Jamaica1",5.51,0.89333,0.96372,0.59469,0.43597,0.04294,0.22245
"Croatia1",5.488,1.18649,0.60809,0.70524,0.23907,0.04002,0.18434
"Hong Kong1",5.458,1.5107,0.87021,0.95277,0.48079,0.31647,0.40097
"Somalia",5.44,0,0.33613,0.11466,0.56778,0.3118,0.27225
"Kosovo1",5.401,0.90145,0.66062,0.54,0.14396,0.06547,0.27992
"Turkey1",5.389,1.16492,0.87717,0.64718,0.23889,0.12348,0.04707
"Indonesia1",5.314,0.95104,0.87625,0.49374,0.39237,0.00322,0.56521
"Jordan1",5.303,0.99673,0.86216,0.60712,0.36023,0.13297,0.14262
"Azerbaijan1",5.291,1.12373,0.76042,0.54504,0.35327,0.17914,0.0564
"Philippines1",5.279,0.81217,0.87877,0.47036,0.54854,0.11757,0.21674
"China1",5.245,1.0278,0.79381,0.73561,0.44012,0.02745,0.04959
"Bhutan1",5.196,0.8527,0.90836,0.49759,0.46074,0.1616,0.48546
"Kyrgyzstan1",5.185,0.56044,0.95434,0.55449,0.40212,0.04762,0.38432
"Serbia1",5.177,1.03437,0.81329,0.6458,0.15718,0.04339,0.20737
"Bosnia and Herzegovina1",5.163,0.93383,0.64367,0.70766,0.09511,0,0.29889
"Montenegro1",5.161,1.07838,0.74173,0.63533,0.15111,0.12721,0.17191
"Dominican Republic1",5.155,1.02787,0.99496,0.57669,0.52259,0.12372,0.21286
"Morocco1",5.151,0.84058,0.38595,0.59471,0.25646,0.08404,0.04053
"Hungary1",5.145,1.24142,0.93164,0.67608,0.1977,0.04472,0.099
"Pakistan1",5.132,0.68816,0.26135,0.40306,0.14622,0.1388,0.31185
"Lebanon1",5.129,1.12268,0.64184,0.76171,0.26228,0.03061,0.23693
"Portugal1",5.123,1.27607,0.94367,0.79363,0.44727,0.01521,0.11691
"Macedonia1",5.121,1.0193,0.78236,0.64738,0.27668,0.07047,0.23507
"Vietnam1",5.061,0.74037,0.79117,0.66157,0.55954,0.11556,0.25075
"Somaliland Region",5.057,0.25558,0.75862,0.33108,0.3913,0.36794,0.51479
"Tunisia1",5.045,0.97724,0.43165,0.59577,0.23553,0.0817,0.03936
"Greece1",5.033,1.24886,0.75473,0.80029,0.05822,0.04127,0
"Tajikistan1",4.996,0.48835,0.75602,0.53119,0.43408,0.13509,0.25998
"Mongolia1",4.907,0.98853,1.08983,0.55469,0.35972,0.03285,0.34539
"Laos1",4.876,0.68042,0.5497,0.38291,0.52168,0.22423,0.43079
"Nigeria1",4.875,0.75216,0.64498,0.05108,0.27854,0.0305,0.23219
"Honduras1",4.871,0.69429,0.75596,0.58383,0.26755,0.06906,0.2044
"Iran1",4.813,1.11758,0.38857,0.64232,0.22544,0.0557,0.38538
"Zambia1",4.795,0.61202,0.6376,0.23573,0.42662,0.11479,0.17866
"Nepal1",4.793,0.44626,0.69699,0.50073,0.37012,0.07008,0.3816
"Palestinian Territories1",4.754,0.67024,0.71629,0.56844,0.17744,0.10613,0.11154
"Albania1",4.655,0.9553,0.50163,0.73007,0.31866,0.05301,0.1684
"Bangladesh1",4.643,0.54177,0.24749,0.52989,0.39778,0.12583,0.19132
"Sierra Leone1",4.635,0.36485,0.628,0,0.30685,0.08196,0.23897
"Iraq1",4.575,1.07474,0.59205,0.51076,0.24856,0.13636,0.19589
"Namibia",4.574,0.93287,0.70362,0.34745,0.48614,0.10398,0.07795
"Cameroon1",4.513,0.52497,0.62542,0.12698,0.42736,0.06126,0.2268
"Ethiopia1",4.508,0.29283,0.37932,0.34578,0.36703,0.1717,0.29522
"South Africa1",4.459,1.02416,0.96053,0.18611,0.42483,0.08415,0.13656
"Sri Lanka1",4.415,0.97318,0.84783,0.62007,0.50817,0.07964,0.46978
"India1",4.404,0.74036,0.29247,0.45091,0.40285,0.08722,0.25028
"Myanmar1",4.395,0.34112,0.69981,0.3988,0.42692,0.20243,0.81971
"Egypt1",4.362,0.95395,0.49813,0.52116,0.18847,0.10393,0.12706
"Armenia1",4.36,0.86086,0.62477,0.64083,0.14037,0.03616,0.07793
"Kenya1",4.356,0.52267,0.7624,0.30147,0.40576,0.06686,0.41328
"Ukraine1",4.324,0.87287,1.01413,0.58628,0.12859,0.01829,0.20363
"Ghana1",4.276,0.63107,0.49353,0.29681,0.40973,0.0326,0.21203
"Congo (Kinshasa)1",4.272,0.05661,0.80676,0.188,0.15602,0.06075,0.25458
"Georgia1",4.252,0.83792,0.19249,0.64035,0.32461,0.3188,0.06786
"Congo (Brazzaville)1",4.236,0.77109,0.47799,0.28212,0.37938,0.09753,0.12077
"Senegal1",4.219,0.44314,0.77416,0.40457,0.31056,0.11681,0.19103
"Bulgaria1",4.217,1.11306,0.92542,0.67806,0.21219,0.00615,0.12793
"Mauritania1",4.201,0.61391,0.84142,0.28639,0.1268,0.17955,0.22686
"Zimbabwe1",4.193,0.35041,0.71478,0.1595,0.25429,0.08582,0.18503
"Malawi1",4.156,0.08709,0.147,0.29364,0.4143,0.07564,0.30968
"Sudan1",4.139,0.63069,0.81928,0.29759,0,0.10039,0.18077
"Gabon1",4.121,1.15851,0.72368,0.3494,0.28098,0.09314,0.06244
"Mali1",4.073,0.31292,0.86333,0.16347,0.27544,0.13647,0.21064
"Haiti1",4.028,0.34097,0.29561,0.27494,0.12072,0.14476,0.47958
"Botswana1",3.974,1.09426,0.89186,0.34752,0.44089,0.10769,0.12425
"Comoros1",3.956,0.27509,0.60323,0.29981,0.15412,0.18437,0.1827
"Ivory Coast1",3.916,0.55507,0.57576,0.04476,0.40663,0.1553,0.20338
"Cambodia1",3.907,0.55604,0.5375,0.42494,0.58852,0.08092,0.40339
"Angola1",3.866,0.84731,0.66366,0.04991,0.00589,0.08434,0.12071
"Niger1",3.856,0.1327,0.6053,0.26162,0.38041,0.17176,0.2097
"South Sudan",3.832,0.39394,0.18519,0.15781,0.19662,0.13015,0.25899
"Chad1",3.763,0.42214,0.63178,0.03824,0.12807,0.04952,0.18667
"Burkina Faso1",3.739,0.31995,0.63054,0.21297,0.3337,0.12533,0.24353
"Uganda1",3.739,0.34719,0.90981,0.19625,0.43653,0.06442,0.27102
"Yemen1",3.724,0.57939,0.47493,0.31048,0.2287,0.05892,0.09821
"Madagascar1",3.695,0.27954,0.46115,0.37109,0.13684,0.07506,0.2204
"Tanzania1",3.666,0.47155,0.77623,0.357,0.3176,0.05099,0.31472
"Liberia1",3.622,0.10706,0.50353,0.23165,0.25748,0.04852,0.24063
"Guinea1",3.607,0.22415,0.3109,0.18829,0.30953,0.1192,0.29914
"Rwanda1",3.515,0.32846,0.61586,0.31865,0.5432,0.50521,0.23552
"Benin1",3.484,0.39499,0.10419,0.21028,0.39747,0.06681,0.2018
"Afghanistan1",3.36,0.38227,0.11037,0.17344,0.1643,0.07112,0.31268
"Togo1",3.303,0.28123,0,0.24811,0.34678,0.11587,0.17517
"Syria1",3.069,0.74719,0.14866,0.62994,0.06912,0.17233,0.48397
"Burundi1",2.905,0.06831,0.23442,0.15747,0.0432,0.09419,0.2029
"Norway2",7.53700017929077,1.61646318435669,1.53352355957031,0.796666502952576,0.635422587394714,0.36201223731041,0.315963834524155
"Denmark2",7.52199983596802,1.48238301277161,1.55112159252167,0.792565524578094,0.626006722450256,0.355280488729477,0.40077006816864
"Iceland2",7.50400018692017,1.480633020401,1.6105740070343,0.833552122116089,0.627162635326385,0.475540220737457,0.153526559472084
"Switzerland2",7.49399995803833,1.56497955322266,1.51691174507141,0.858131289482117,0.620070576667786,0.290549278259277,0.367007285356522
"Finland2",7.4689998626709,1.44357192516327,1.5402467250824,0.80915766954422,0.617950856685638,0.24548277258873,0.38261154294014
"Netherlands2",7.3769998550415,1.50394463539124,1.42893922328949,0.810696125030518,0.585384488105774,0.470489829778671,0.282661825418472
"Canada2",7.31599998474121,1.47920441627502,1.48134899139404,0.83455765247345,0.611100912094116,0.435539722442627,0.287371516227722
"New Zealand2",7.31400012969971,1.40570604801178,1.54819512367249,0.816759705543518,0.614062130451202,0.500005125999451,0.382816702127457
"Sweden2",7.28399991989136,1.49438726902008,1.47816216945648,0.830875158309937,0.612924098968506,0.385399252176285,0.384398728609085
"Australia2",7.28399991989136,1.484414935112,1.51004195213318,0.84388679265976,0.601607382297516,0.477699249982834,0.301183730363846
"Israel2",7.21299982070923,1.37538242340088,1.37628996372223,0.83840399980545,0.405988603830338,0.330082654953003,0.0852421000599861
"Costa Rica2",7.0789999961853,1.10970628261566,1.41640365123749,0.759509265422821,0.580131649971008,0.214613229036331,0.100106589496136
"Austria2",7.00600004196167,1.48709726333618,1.4599449634552,0.815328419208527,0.567766189575195,0.316472321748734,0.221060365438461
"United States2",6.99300003051758,1.54625928401947,1.41992056369781,0.77428662776947,0.505740523338318,0.392578780651093,0.135638788342476
"Ireland2",6.97700023651123,1.53570663928986,1.55823111534119,0.80978262424469,0.573110342025757,0.42785832285881,0.29838815331459
"Germany2",6.95100021362305,1.48792338371277,1.47252035140991,0.798950731754303,0.562511384487152,0.336269170045853,0.276731938123703
"Belgium2",6.89099979400635,1.46378076076508,1.46231269836426,0.818091869354248,0.539770722389221,0.231503337621689,0.251343131065369
"Luxembourg2",6.86299991607666,1.74194359779358,1.45758366584778,0.845089495182037,0.59662789106369,0.283180981874466,0.31883442401886
"United Kingdom2",6.71400022506714,1.44163393974304,1.49646008014679,0.805335938930511,0.508190035820007,0.492774158716202,0.265428066253662
"Chile2",6.65199995040894,1.25278460979462,1.28402495384216,0.819479703903198,0.376895278692245,0.326662421226501,0.0822879821062088
"United Arab Emirates2",6.64799976348877,1.62634336948395,1.26641023159027,0.726798236370087,0.60834527015686,0.3609419465065,0.324489563703537
"Brazil2",6.63500022888184,1.10735321044922,1.43130600452423,0.616552352905273,0.437453746795654,0.16234989464283,0.111092761158943
"Czech Republic2",6.60900020599365,1.35268235206604,1.43388521671295,0.754444003105164,0.490946173667908,0.0881067588925362,0.0368729270994663
"Argentina2",6.59899997711182,1.18529546260834,1.44045114517212,0.695137083530426,0.494519203901291,0.109457060694695,0.059739887714386
"Mexico2",6.57800006866455,1.15318381786346,1.210862159729,0.709978997707367,0.412730008363724,0.120990432798862,0.132774114608765
"Singapore2",6.57200002670288,1.69227766990662,1.35381436347961,0.949492394924164,0.549840569496155,0.345965981483459,0.46430778503418
"Malta2",6.52699995040894,1.34327983856201,1.48841166496277,0.821944236755371,0.588767051696777,0.574730575084686,0.153066068887711
"Uruguay2",6.4539999961853,1.21755969524384,1.41222786903381,0.719216823577881,0.57939225435257,0.175096929073334,0.178061872720718
"Guatemala2",6.4539999961853,0.872001945972443,1.25558519363403,0.540239989757538,0.531310617923737,0.283488392829895,0.0772232785820961
"Panama2",6.4520001411438,1.23374843597412,1.37319254875183,0.706156134605408,0.550026834011078,0.21055693924427,0.070983923971653
"France2",6.44199991226196,1.43092346191406,1.38777685165405,0.844465851783752,0.470222115516663,0.129762306809425,0.172502428293228
"Thailand2",6.42399978637695,1.12786877155304,1.42579245567322,0.647239029407501,0.580200731754303,0.572123110294342,0.0316127352416515
"Taiwan Province of China",6.42199993133545,1.43362653255463,1.38456535339355,0.793984234333038,0.361466586589813,0.258360475301743,0.0638292357325554
"Spain2",6.40299987792969,1.38439786434174,1.53209090232849,0.888960599899292,0.408781230449677,0.190133571624756,0.0709140971302986
"Qatar2",6.375,1.87076568603516,1.27429687976837,0.710098087787628,0.604130983352661,0.330473870038986,0.439299255609512
"Colombia2",6.35699987411499,1.07062232494354,1.4021829366684,0.595027923583984,0.477487415075302,0.149014472961426,0.0466687418520451
"Saudi Arabia2",6.3439998626709,1.53062355518341,1.28667759895325,0.590148329734802,0.449750572443008,0.147616013884544,0.27343225479126
"Trinidad and Tobago2",6.16800022125244,1.36135590076447,1.3802285194397,0.519983291625977,0.518630743026733,0.325296461582184,0.00896481610834599
"Kuwait2",6.10500001907349,1.63295245170593,1.25969874858856,0.632105708122253,0.496337592601776,0.228289797902107,0.215159550309181
"Slovakia2",6.09800004959106,1.32539355754852,1.50505924224854,0.712732911109924,0.295817464590073,0.136544480919838,0.0242108516395092
"Bahrain2",6.08699989318848,1.48841226100922,1.32311046123505,0.653133034706116,0.536746919155121,0.172668486833572,0.257042169570923
"Malaysia2",6.08400011062622,1.29121541976929,1.28464603424072,0.618784427642822,0.402264982461929,0.416608929634094,0.0656007081270218
"Nicaragua2",6.07100009918213,0.737299203872681,1.28721570968628,0.653095960617065,0.447551846504211,0.301674216985703,0.130687981843948
"Ecuador2",6.00799989700317,1.00082039833069,1.28616881370544,0.685636222362518,0.4551981985569,0.150112465023994,0.140134647488594
"El Salvador2",6.00299978256226,0.909784495830536,1.18212509155273,0.596018552780151,0.432452529668808,0.0782579854130745,0.0899809598922729
"Poland2",5.97300004959106,1.29178786277771,1.44571197032928,0.699475347995758,0.520342111587524,0.158465966582298,0.0593078061938286
"Uzbekistan2",5.97100019454956,0.786441087722778,1.54896914958954,0.498272627592087,0.658248662948608,0.415983647108078,0.246528223156929
"Italy2",5.96400022506714,1.39506661891937,1.44492328166962,0.853144347667694,0.256450712680817,0.17278964817524,0.0280280914157629
"Russia2",5.96299982070923,1.28177809715271,1.46928238868713,0.547349333763123,0.373783111572266,0.0522638224065304,0.0329628810286522
"Belize1",5.95599985122681,0.907975316047668,1.08141779899597,0.450191766023636,0.547509372234344,0.240015640854836,0.0965810716152191
"Japan2",5.92000007629395,1.41691517829895,1.43633782863617,0.913475871086121,0.505625545978546,0.12057276815176,0.163760736584663
"Lithuania2",5.90199995040894,1.31458234786987,1.47351610660553,0.62894994020462,0.234231784939766,0.010164656676352,0.0118656428530812
"Algeria2",5.87200021743774,1.09186446666718,1.1462174654007,0.617584645748138,0.233335807919502,0.0694366469979286,0.146096110343933
"Latvia2",5.84999990463257,1.26074862480164,1.40471494197845,0.638566970825195,0.325707912445068,0.153074786067009,0.0738427266478539
"South Korea2",5.83799982070923,1.40167844295502,1.12827444076538,0.900214076042175,0.257921665906906,0.206674367189407,0.0632826685905457
"Moldova2",5.83799982070923,0.728870630264282,1.25182557106018,0.589465200901031,0.240729048848152,0.208779126405716,0.0100912861526012
"Romania2",5.82499980926514,1.21768391132355,1.15009129047394,0.685158312320709,0.457003742456436,0.133519917726517,0.00438790069893003
"Bolivia2",5.82299995422363,0.833756566047668,1.22761905193329,0.473630249500275,0.558732926845551,0.22556072473526,0.0604777261614799
"Turkmenistan2",5.82200002670288,1.13077676296234,1.49314916133881,0.437726080417633,0.41827192902565,0.24992498755455,0.259270340204239
"Kazakhstan2",5.81899976730347,1.28455626964569,1.38436901569366,0.606041550636292,0.437454283237457,0.201964423060417,0.119282886385918
"North Cyprus2",5.80999994277954,1.3469113111496,1.18630337715149,0.834647238254547,0.471203625202179,0.266845703125,0.155353352427483
"Slovenia2",5.75799989700317,1.3412059545517,1.45251882076263,0.790828227996826,0.572575807571411,0.242649093270302,0.0451289787888527
"Peru2",5.71500015258789,1.03522527217865,1.21877038478851,0.630166113376617,0.450002878904343,0.126819714903831,0.0470490865409374
"Mauritius2",5.62900018692017,1.18939554691315,1.20956099033356,0.638007462024689,0.491247326135635,0.360933750867844,0.0421815551817417
"Cyprus2",5.62099981307983,1.35593807697296,1.13136327266693,0.84471470117569,0.355111539363861,0.271254301071167,0.0412379764020443
"Estonia2",5.61100006103516,1.32087934017181,1.47667109966278,0.695168316364288,0.479131430387497,0.0988908112049103,0.183248922228813
"Belarus2",5.56899976730347,1.15655755996704,1.44494521617889,0.637714266777039,0.295400261878967,0.15513750910759,0.156313821673393
"Libya2",5.52500009536743,1.10180306434631,1.35756433010101,0.520169019699097,0.465733230113983,0.152073666453362,0.0926102101802826
"Turkey2",5.5,1.19827437400818,1.33775317668915,0.637605607509613,0.300740599632263,0.0466930419206619,0.0996715798974037
"Paraguay2",5.49300003051758,0.932537317276001,1.50728487968445,0.579250693321228,0.473507791757584,0.224150657653809,0.091065913438797
"Hong Kong S.A.R., China",5.47200012207031,1.55167484283447,1.26279091835022,0.943062424659729,0.490968644618988,0.374465793371201,0.293933749198914
"Philippines2",5.42999982833862,0.85769921541214,1.25391757488251,0.468009054660797,0.585214674472809,0.193513423204422,0.0993318930268288
"Serbia2",5.39499998092651,1.06931757926941,1.25818979740143,0.65078467130661,0.208715528249741,0.220125883817673,0.0409037806093693
"Jordan2",5.33599996566772,0.991012394428253,1.23908889293671,0.604590058326721,0.418421149253845,0.172170460224152,0.11980327218771
"Hungary2",5.32399988174438,1.2860119342804,1.34313309192657,0.687763452529907,0.175863519310951,0.0784016624093056,0.0366369374096394
"Jamaica2",5.31099987030029,0.925579309463501,1.36821806430817,0.641022384166718,0.474307239055634,0.233818337321281,0.0552677810192108
"Croatia2",5.29300022125244,1.22255623340607,0.96798300743103,0.701288521289825,0.255772292613983,0.248002976179123,0.0431031100451946
"Kosovo2",5.27899980545044,0.951484382152557,1.13785350322723,0.541452050209045,0.260287940502167,0.319931447505951,0.0574716180562973
"China2",5.27299976348877,1.08116579055786,1.16083741188049,0.741415500640869,0.472787708044052,0.0288068410009146,0.0227942746132612
"Pakistan2",5.26900005340576,0.72688353061676,0.672690689563751,0.402047783136368,0.23521526157856,0.315446019172668,0.124348066747189
"Indonesia2",5.26200008392334,0.995538592338562,1.27444469928741,0.492345720529556,0.443323463201523,0.611704587936401,0.0153171354904771
"Venezuela2",5.25,1.12843120098114,1.43133759498596,0.617144227027893,0.153997123241425,0.0650196298956871,0.0644911229610443
"Montenegro2",5.23699998855591,1.12112903594971,1.23837649822235,0.667464673519135,0.194989055395126,0.197911024093628,0.0881741940975189
"Morocco2",5.2350001335144,0.878114581108093,0.774864435195923,0.59771066904068,0.408158332109451,0.0322099551558495,0.0877631828188896
"Azerbaijan2",5.23400020599365,1.15360176563263,1.15240025520325,0.540775775909424,0.398155838251114,0.0452693402767181,0.180987507104874
"Dominican Republic2",5.23000001907349,1.07937383651733,1.40241670608521,0.574873745441437,0.55258983373642,0.186967849731445,0.113945253193378
"Greece2",5.22700023651123,1.28948748111725,1.23941457271576,0.810198903083801,0.0957312509417534,0,0.04328977689147
"Lebanon2",5.22499990463257,1.07498753070831,1.12962424755096,0.735081076622009,0.288515985012054,0.264450758695602,0.037513829767704
"Portugal2",5.19500017166138,1.3151752948761,1.36704301834106,0.795843541622162,0.498465299606323,0.0951027125120163,0.0158694516867399
"Bosnia and Herzegovina2",5.18200016021729,0.982409417629242,1.0693359375,0.705186307430267,0.204403176903725,0.328867495059967,0
"Honduras2",5.18100023269653,0.730573117733002,1.14394497871399,0.582569479942322,0.348079860210419,0.236188873648643,0.0733454525470734
"Macedonia2",5.17500019073486,1.06457793712616,1.20789301395416,0.644948184490204,0.325905978679657,0.25376096367836,0.0602777935564518
"Somalia1",5.15100002288818,0.0226431842893362,0.721151351928711,0.113989137113094,0.602126955986023,0.291631311178207,0.282410323619843
"Vietnam2",5.07399988174438,0.788547575473785,1.27749133110046,0.652168989181519,0.571055591106415,0.234968051314354,0.0876332372426987
"Nigeria2",5.07399988174438,0.783756256103516,1.21577048301697,0.0569157302379608,0.394952565431595,0.230947196483612,0.0261215660721064
"Tajikistan2",5.04099988937378,0.524713635444641,1.27146327495575,0.529235124588013,0.471566706895828,0.248997643589973,0.146377146244049
"Bhutan2",5.01100015640259,0.885416388511658,1.34012651443481,0.495879292488098,0.501537680625916,0.474054545164108,0.173380389809608
"Kyrgyzstan2",5.00400018692017,0.596220076084137,1.39423859119415,0.553457796573639,0.454943388700485,0.42858037352562,0.0394391790032387
"Nepal2",4.96199989318848,0.479820191860199,1.17928326129913,0.504130780696869,0.440305948257446,0.394096165895462,0.0729755461215973
"Mongolia2",4.95499992370605,1.02723586559296,1.4930112361908,0.557783484458923,0.394143968820572,0.338464230298996,0.0329022891819477
"South Africa2",4.8289999961853,1.05469870567322,1.38478863239288,0.187080070376396,0.479246735572815,0.139362379908562,0.0725094974040985
"Tunisia2",4.80499982833862,1.00726580619812,0.868351459503174,0.613212049007416,0.289680689573288,0.0496933571994305,0.0867231488227844
"Palestinian Territories2",4.77500009536743,0.716249227523804,1.15564715862274,0.565666973590851,0.25471106171608,0.114173173904419,0.0892826020717621
"Egypt2",4.7350001335144,0.989701807498932,0.997471392154694,0.520187258720398,0.282110154628754,0.128631442785263,0.114381365478039
"Bulgaria2",4.71400022506714,1.1614590883255,1.43437945842743,0.708217680454254,0.289231717586517,0.113177694380283,0.0110515309497714
"Sierra Leone2",4.70900011062622,0.36842092871666,0.984136044979095,0.00556475389748812,0.318697690963745,0.293040901422501,0.0710951760411263
"Cameroon2",4.69500017166138,0.564305365085602,0.946018218994141,0.132892116904259,0.430388748645782,0.236298456788063,0.0513066314160824
"Iran2",4.69199991226196,1.15687310695648,0.711551249027252,0.639333188533783,0.249322608113289,0.387242913246155,0.048761073499918
"Albania2",4.64400005340576,0.996192753314972,0.803685247898102,0.731159746646881,0.381498634815216,0.201312944293022,0.0398642159998417
"Bangladesh2",4.60799980163574,0.586682975292206,0.735131740570068,0.533241033554077,0.478356659412384,0.172255352139473,0.123717859387398
"Namibia1",4.57399988174438,0.964434325695038,1.0984708070755,0.33861181139946,0.520303547382355,0.0771337449550629,0.0931469723582268
"Kenya2",4.55299997329712,0.560479462146759,1.06795072555542,0.309988349676132,0.452763766050339,0.444860309362411,0.0646413192152977
"Mozambique1",4.55000019073486,0.234305649995804,0.870701014995575,0.106654435396194,0.480791091918945,0.322228103876114,0.179436385631561
"Myanmar2",4.54500007629395,0.367110550403595,1.12323594093323,0.397522568702698,0.514492034912109,0.838075160980225,0.188816204667091
"Senegal2",4.53499984741211,0.479309022426605,1.17969191074371,0.409362852573395,0.377922266721725,0.183468893170357,0.115460447967052
"Zambia2",4.51399993896484,0.636406779289246,1.00318729877472,0.257835894823074,0.461603492498398,0.249580144882202,0.0782135501503944
"Iraq2",4.49700021743774,1.10271048545837,0.978613197803497,0.501180469989777,0.288555532693863,0.19963726401329,0.107215754687786
"Gabon2",4.46500015258789,1.1982102394104,1.1556202173233,0.356578588485718,0.312328577041626,0.0437853783369064,0.0760467872023582
"Ethiopia2",4.46000003814697,0.339233845472336,0.86466920375824,0.353409707546234,0.408842742443085,0.312650740146637,0.165455713868141
"Sri Lanka2",4.44000005722046,1.00985014438629,1.25997638702393,0.625130832195282,0.561213254928589,0.490863561630249,0.0736539661884308
"Armenia2",4.37599992752075,0.900596737861633,1.00748372077942,0.637524425983429,0.198303267359734,0.0834880918264389,0.0266744215041399
"India2",4.31500005722046,0.792221248149872,0.754372596740723,0.455427616834641,0.469987004995346,0.231538489460945,0.0922268852591515
"Mauritania2",4.29199981689453,0.648457288742065,1.2720308303833,0.285349279642105,0.0960980430245399,0.201870024204254,0.136957004666328
"Congo (Brazzaville)2",4.29099988937378,0.808964252471924,0.832044363021851,0.28995743393898,0.435025870800018,0.120852127671242,0.0796181336045265
"Georgia2",4.28599977493286,0.950612664222717,0.57061493396759,0.649546980857849,0.309410035610199,0.0540088154375553,0.251666635274887
"Congo (Kinshasa)2",4.28000020980835,0.0921023488044739,1.22902345657349,0.191407024860382,0.235961347818375,0.246455833315849,0.0602413564920425
"Mali2",4.19000005722046,0.476180493831635,1.28147339820862,0.169365674257278,0.306613743305206,0.183354198932648,0.104970246553421
"Ivory Coast2",4.17999982833862,0.603048920631409,0.904780030250549,0.0486421696841717,0.447706192731857,0.201237469911575,0.130061775445938
"Cambodia2",4.16800022125244,0.601765096187592,1.00623834133148,0.429783403873444,0.633375823497772,0.385922968387604,0.0681059509515762
"Sudan2",4.13899993896484,0.65951669216156,1.21400856971741,0.290920823812485,0.0149958552792668,0.182317450642586,0.089847519993782
"Ghana2",4.11999988555908,0.667224824428558,0.873664736747742,0.295637726783752,0.423026293516159,0.256923943758011,0.0253363698720932
"Ukraine2",4.09600019454956,0.89465194940567,1.39453756809235,0.575903952121735,0.122974775731564,0.270061463117599,0.0230294708162546
"Uganda2",4.08099985122681,0.381430715322495,1.12982773780823,0.217632606625557,0.443185955286026,0.325766056776047,0.057069718837738
"Burkina Faso2",4.03200006484985,0.3502277135849,1.04328000545502,0.215844258666039,0.324367851018906,0.250864684581757,0.120328105986118
"Niger2",4.02799987792969,0.161925330758095,0.993025004863739,0.26850500702858,0.36365869641304,0.228673845529556,0.138572946190834
"Malawi2",3.97000002861023,0.233442038297653,0.512568831443787,0.315089583396912,0.466914653778076,0.287170469760895,0.0727116540074348
"Chad2",3.93600010871887,0.438012987375259,0.953855872154236,0.0411347150802612,0.16234202682972,0.216113850474358,0.0535818822681904
"Zimbabwe2",3.875,0.375846534967422,1.08309590816498,0.196763753890991,0.336384207010269,0.189143493771553,0.0953753814101219
"Lesotho1",3.80800008773804,0.521021246910095,1.19009518623352,0,0.390661299228668,0.157497271895409,0.119094640016556
"Angola2",3.79500007629395,0.858428180217743,1.10441195964813,0.0498686656355858,0,0.097926490008831,0.0697203353047371
"Afghanistan2",3.79399991035461,0.401477217674255,0.581543326377869,0.180746778845787,0.106179520487785,0.311870932579041,0.0611578300595284
"Botswana2",3.76600003242493,1.12209415435791,1.22155499458313,0.341755509376526,0.505196332931519,0.0993484482169151,0.0985831990838051
"Benin2",3.65700006484985,0.431085407733917,0.435299843549728,0.209930211305618,0.425962775945663,0.207948461174965,0.0609290152788162
"Madagascar2",3.64400005340576,0.305808693170547,0.913020372390747,0.375223308801651,0.189196765422821,0.208732530474663,0.0672319754958153
"Haiti2",3.6029999256134,0.368610262870789,0.640449821949005,0.277321130037308,0.0303698573261499,0.489203780889511,0.0998721495270729
"Yemen2",3.59299993515015,0.591683447360992,0.93538224697113,0.310080915689468,0.249463722109795,0.104125209152699,0.0567674227058887
"South Sudan1",3.59100008010864,0.39724862575531,0.601323127746582,0.163486003875732,0.147062435746193,0.285670816898346,0.116793513298035
"Liberia2",3.53299999237061,0.119041793048382,0.872117936611176,0.229918196797371,0.332881182432175,0.26654988527298,0.0389482490718365
"Guinea2",3.50699996948242,0.244549930095673,0.791244685649872,0.194129139184952,0.348587512969971,0.264815092086792,0.110937617719173
"Togo2",3.49499988555908,0.305444717407227,0.431882530450821,0.247105568647385,0.38042613863945,0.196896150708199,0.0956650152802467
"Rwanda2",3.47099995613098,0.368745893239975,0.945707023143768,0.326424807310104,0.581843852996826,0.252756029367447,0.455220013856888
"Syria2",3.46199989318848,0.777153134346008,0.396102607250214,0.50053334236145,0.0815394446253777,0.493663728237152,0.151347130537033
"Tanzania2",3.34899997711182,0.511135876178741,1.04198980331421,0.364509284496307,0.390017777681351,0.354256361722946,0.0660351067781448
"Burundi2",2.90499997138977,0.091622568666935,0.629793584346771,0.151610791683197,0.0599007532000542,0.204435184597969,0.0841479450464249
"Central African Republic1",2.69300007820129,0,0,0.0187726859003305,0.270842045545578,0.280876487493515,0.0565650761127472
"Finland3",7.632,1.305,1.592,0.874,0.681,0.202,0.393
"Norway3",7.594,1.456,1.582,0.861,0.686,0.286,0.34
"Denmark3",7.555,1.351,1.59,0.868,0.683,0.284,0.408
"Iceland3",7.495,1.343,1.644,0.914,0.677,0.353,0.138
"Switzerland3",7.487,1.42,1.549,0.927,0.66,0.256,0.357
"Netherlands3",7.441,1.361,1.488,0.878,0.638,0.333,0.295
"Canada3",7.328,1.33,1.532,0.896,0.653,0.321,0.291
"New Zealand3",7.324,1.268,1.601,0.876,0.669,0.365,0.389
"Sweden3",7.314,1.355,1.501,0.913,0.659,0.285,0.383
"Australia3",7.272,1.34,1.573,0.91,0.647,0.361,0.302
"United Kingdom3",7.19,1.244,1.433,0.888,0.464,0.262,0.082
"Austria3",7.139,1.341,1.504,0.891,0.617,0.242,0.224
"Costa Rica3",7.072,1.01,1.459,0.817,0.632,0.143,0.101
"Ireland3",6.977,1.448,1.583,0.876,0.614,0.307,0.306
"Germany3",6.965,1.34,1.474,0.861,0.586,0.273,0.28
"Belgium3",6.927,1.324,1.483,0.894,0.583,0.188,0.24
"Luxembourg3",6.91,1.576,1.52,0.896,0.632,0.196,0.321
"United States3",6.886,1.398,1.471,0.819,0.547,0.291,0.133
"Israel3",6.814,1.301,1.559,0.883,0.533,0.354,0.272
"Czech Republic3",6.711,1.233,1.489,0.854,0.543,0.064,0.034
"Malta3",6.627,1.27,1.525,0.884,0.645,0.376,0.142
"France3",6.489,1.293,1.466,0.908,0.52,0.098,0.176
"Mexico3",6.488,1.038,1.252,0.761,0.479,0.069,0.095
"Chile3",6.476,1.131,1.331,0.808,0.431,0.197,0.061
"Taiwan2",6.441,1.365,1.436,0.857,0.418,0.151,0.078
"Panama3",6.43,1.112,1.438,0.759,0.597,0.125,0.063
"Brazil3",6.419,0.986,1.474,0.675,0.493,0.11,0.088
"Argentina3",6.388,1.073,1.468,0.744,0.57,0.062,0.054
"Guatemala3",6.382,0.781,1.268,0.608,0.604,0.179,0.071
"Uruguay3",6.379,1.093,1.459,0.771,0.625,0.13,0.155
"Qatar3",6.374,1.649,1.303,0.748,0.654,0.256,0.171
"Saudi Arabia3",6.371,1.379,1.331,0.633,0.509,0.098,0.127
"Singapore3",6.343,1.529,1.451,1.008,0.631,0.261,0.457
"Malaysia3",6.322,1.161,1.258,0.669,0.356,0.311,0.059
"Spain3",6.31,1.251,1.538,0.965,0.449,0.142,0.074
"Colombia3",6.26,0.96,1.439,0.635,0.531,0.099,0.039
"Trinidad & Tobago",6.192,1.223,1.492,0.564,0.575,0.171,0.019
"Slovakia3",6.173,1.21,1.537,0.776,0.354,0.118,0.014
"El Salvador3",6.167,0.806,1.231,0.639,0.461,0.065,0.082
"Nicaragua3",6.141,0.668,1.319,0.7,0.527,0.208,0.128
"Poland3",6.123,1.176,1.448,0.781,0.546,0.108,0.064
"Bahrain3",6.105,1.338,1.366,0.698,0.594,0.243,0.123
"Uzbekistan3",6.096,0.719,1.584,0.605,0.724,0.328,0.259
"Kuwait3",6.083,1.474,1.301,0.675,0.554,0.167,0.106
"Thailand3",6.072,1.016,1.417,0.707,0.637,0.364,0.029
"Italy3",6,1.264,1.501,0.946,0.281,0.137,0.028
"Ecuador3",5.973,0.889,1.33,0.736,0.556,0.114,0.12
"Belize2",5.956,0.807,1.101,0.474,0.593,0.183,0.089
"Lithuania3",5.952,1.197,1.527,0.716,0.35,0.026,0.006
"Slovenia3",5.948,1.219,1.506,0.856,0.633,0.16,0.051
"Romania3",5.945,1.116,1.219,0.726,0.528,0.088,0.001
"Latvia3",5.933,1.148,1.454,0.671,0.363,0.092,0.066
"Japan3",5.915,1.294,1.462,0.988,0.553,0.079,0.15
"Mauritius3",5.891,1.09,1.387,0.684,0.584,0.245,0.05
"Jamaica3",5.89,0.819,1.493,0.693,0.575,0.096,0.031
"South Korea3",5.875,1.266,1.204,0.955,0.244,0.175,0.051
"Northern Cyprus",5.835,1.229,1.211,0.909,0.495,0.179,0.154
"Russia3",5.81,1.151,1.479,0.599,0.399,0.065,0.025
"Kazakhstan3",5.79,1.143,1.516,0.631,0.454,0.148,0.121
"Cyprus3",5.762,1.229,1.191,0.909,0.423,0.202,0.035
"Bolivia3",5.752,0.751,1.223,0.508,0.606,0.141,0.054
"Estonia3",5.739,1.2,1.532,0.737,0.553,0.086,0.174
"Paraguay3",5.681,0.835,1.522,0.615,0.541,0.162,0.074
"Peru3",5.663,0.934,1.249,0.674,0.53,0.092,0.034
"Kosovo3",5.662,0.855,1.23,0.578,0.448,0.274,0.023
"Moldova3",5.64,0.657,1.301,0.62,0.232,0.171,0
"Turkmenistan3",5.636,1.016,1.533,0.517,0.417,0.199,0.037
"Hungary3",5.62,1.171,1.401,0.732,0.259,0.061,0.022
"Libya3",5.566,0.985,1.35,0.553,0.496,0.116,0.148
"Philippines3",5.524,0.775,1.312,0.513,0.643,0.12,0.105
"Honduras3",5.504,0.62,1.205,0.622,0.459,0.197,0.074
"Belarus3",5.483,1.039,1.498,0.7,0.307,0.101,0.154
"Turkey3",5.483,1.148,1.38,0.686,0.324,0.106,0.109
"Pakistan3",5.472,0.652,0.81,0.424,0.334,0.216,0.113
"Hong Kong2",5.43,1.405,1.29,1.03,0.524,0.246,0.291
"Portugal3",5.41,1.188,1.429,0.884,0.562,0.055,0.017
"Serbia3",5.398,0.975,1.369,0.685,0.288,0.134,0.043
"Greece3",5.358,1.154,1.202,0.879,0.131,0,0.044
"Lebanon3",5.358,0.965,1.179,0.785,0.503,0.214,0.136
"Montenegro3",5.347,1.017,1.279,0.729,0.259,0.111,0.081
"Croatia3",5.321,1.115,1.161,0.737,0.38,0.12,0.039
"Dominican Republic3",5.302,0.982,1.441,0.614,0.578,0.12,0.106
"Algeria3",5.295,0.979,1.154,0.687,0.077,0.055,0.135
"Morocco3",5.254,0.779,0.797,0.669,0.46,0.026,0.074
"China3",5.246,0.989,1.142,0.799,0.597,0.029,0.103
"Azerbaijan3",5.201,1.024,1.161,0.603,0.43,0.031,0.176
"Tajikistan3",5.199,0.474,1.166,0.598,0.292,0.187,0.034
"Macedonia3",5.185,0.959,1.239,0.691,0.394,0.173,0.052
"Jordan3",5.161,0.822,1.265,0.645,0.468,0.13,0.134
"Nigeria3",5.155,0.689,1.172,0.048,0.462,0.201,0.032
"Kyrgyzstan3",5.131,0.53,1.416,0.594,0.54,0.281,0.035
"Bosnia and Herzegovina3",5.129,0.915,1.078,0.758,0.28,0.216,0
"Mongolia3",5.125,0.914,1.517,0.575,0.395,0.253,0.032
"Vietnam3",5.103,0.715,1.365,0.702,0.618,0.177,0.079
"Indonesia3",5.093,0.899,1.215,0.522,0.538,0.484,0.018
"Bhutan3",5.082,0.796,1.335,0.527,0.541,0.364,0.171
"Somalia2",4.982,0,0.712,0.115,0.674,0.238,0.282
"Cameroon3",4.975,0.535,0.891,0.182,0.454,0.183,0.043
"Bulgaria3",4.933,1.054,1.515,0.712,0.359,0.064,0.009
"Nepal3",4.88,0.425,1.228,0.539,0.526,0.302,0.078
"Venezuela3",4.806,0.996,1.469,0.657,0.133,0.056,0.052
"Gabon3",4.758,1.036,1.164,0.404,0.356,0.032,0.052
"Palestinian Territories3",4.743,0.642,1.217,0.602,0.266,0.086,0.076
"South Africa3",4.724,0.94,1.41,0.33,0.516,0.103,0.056
"Iran3",4.707,1.059,0.771,0.691,0.459,0.282,0.129
"Ivory Coast3",4.671,0.541,0.872,0.08,0.467,0.146,0.103
"Ghana3",4.657,0.592,0.896,0.337,0.499,0.212,0.029
"Senegal3",4.631,0.429,1.117,0.433,0.406,0.138,0.082
"Laos2",4.623,0.72,1.034,0.441,0.626,0.23,0.174
"Tunisia3",4.592,0.9,0.906,0.69,0.271,0.04,0.063
"Albania3",4.586,0.916,0.817,0.79,0.419,0.149,0.032
"Sierra Leone3",4.571,0.256,0.813,0,0.355,0.238,0.053
"Congo (Brazzaville)3",4.559,0.682,0.811,0.343,0.514,0.091,0.077
"Bangladesh3",4.5,0.532,0.85,0.579,0.58,0.153,0.144
"Sri Lanka3",4.471,0.918,1.314,0.672,0.585,0.307,0.05
"Iraq3",4.456,1.01,0.971,0.536,0.304,0.148,0.095
"Mali3",4.447,0.37,1.233,0.152,0.367,0.139,0.056
"Namibia2",4.441,0.874,1.281,0.365,0.519,0.051,0.064
"Cambodia3",4.433,0.549,1.088,0.457,0.696,0.256,0.065
"Burkina Faso3",4.424,0.314,1.097,0.254,0.312,0.175,0.128
"Egypt3",4.419,0.885,1.025,0.553,0.312,0.092,0.107
"Mozambique2",4.417,0.198,0.902,0.173,0.531,0.206,0.158
"Kenya3",4.41,0.493,1.048,0.454,0.504,0.352,0.055
"Zambia3",4.377,0.562,1.047,0.295,0.503,0.221,0.082
"Mauritania3",4.356,0.557,1.245,0.292,0.129,0.134,0.093
"Ethiopia3",4.35,0.308,0.95,0.391,0.452,0.22,0.146
"Georgia3",4.34,0.853,0.592,0.643,0.375,0.038,0.215
"Armenia3",4.321,0.816,0.99,0.666,0.26,0.077,0.028
"Myanmar3",4.308,0.682,1.174,0.429,0.58,0.598,0.178
"Chad3",4.301,0.358,0.907,0.053,0.189,0.181,0.06
"Congo (Kinshasa)3",4.245,0.069,1.136,0.204,0.312,0.197,0.052
"India3",4.19,0.721,0.747,0.485,0.539,0.172,0.093
"Niger3",4.166,0.131,0.867,0.221,0.39,0.175,0.099
"Uganda3",4.161,0.322,1.09,0.237,0.45,0.259,0.061
"Benin3",4.141,0.378,0.372,0.24,0.44,0.163,0.067
"Sudan3",4.139,0.605,1.24,0.312,0.016,0.134,0.082
"Ukraine3",4.103,0.793,1.413,0.609,0.163,0.187,0.011
"Togo3",3.999,0.259,0.474,0.253,0.434,0.158,0.101
"Guinea3",3.964,0.344,0.792,0.211,0.394,0.185,0.094
"Lesotho2",3.808,0.472,1.215,0.079,0.423,0.116,0.112
"Angola3",3.795,0.73,1.125,0.269,0,0.079,0.061
"Madagascar3",3.774,0.262,0.908,0.402,0.221,0.155,0.049
"Zimbabwe3",3.692,0.357,1.094,0.248,0.406,0.132,0.099
"Afghanistan3",3.632,0.332,0.537,0.255,0.085,0.191,0.036
"Botswana3",3.59,1.017,1.174,0.417,0.557,0.042,0.092
"Malawi3",3.587,0.186,0.541,0.306,0.531,0.21,0.08
"Haiti3",3.582,0.315,0.714,0.289,0.025,0.392,0.104
"Liberia3",3.495,0.076,0.858,0.267,0.419,0.206,0.03
"Syria3",3.462,0.689,0.382,0.539,0.088,0.376,0.144
"Rwanda3",3.408,0.332,0.896,0.4,0.636,0.2,0.444
"Yemen3",3.355,0.442,1.073,0.343,0.244,0.083,0.064
"Tanzania3",3.303,0.455,0.991,0.381,0.481,0.27,0.097
"South Sudan2",3.254,0.337,0.608,0.177,0.112,0.224,0.106
"Central African Republic2",3.083,0.024,0,0.01,0.305,0.218,0.038
"Burundi3",2.905,0.091,0.627,0.145,0.065,0.149,0.076
